-- phpMyAdmin SQL Dump
-- version 4.5.5.1
-- http://www.phpmyadmin.net
--
-- Хост: 127.0.0.1
-- Время создания: Сен 01 2016 г., 09:45
-- Версия сервера: 5.7.11
-- Версия PHP: 5.6.19

SET SQL_MODE = "NO_AUTO_VALUE_ON_ZERO";
SET time_zone = "+00:00";


/*!40101 SET @OLD_CHARACTER_SET_CLIENT=@@CHARACTER_SET_CLIENT */;
/*!40101 SET @OLD_CHARACTER_SET_RESULTS=@@CHARACTER_SET_RESULTS */;
/*!40101 SET @OLD_COLLATION_CONNECTION=@@COLLATION_CONNECTION */;
/*!40101 SET NAMES utf8mb4 */;

--
-- База данных: `magazin`
--

-- --------------------------------------------------------

--
-- Структура таблицы `category`
--

CREATE TABLE `category` (
  `id` int(11) NOT NULL,
  `name` varchar(255) CHARACTER SET utf8 NOT NULL,
  `sort_order` int(11) NOT NULL,
  `status` int(11) NOT NULL
) ENGINE=MyISAM DEFAULT CHARSET=latin1;

--
-- Дамп данных таблицы `category`
--

INSERT INTO `category` (`id`, `name`, `sort_order`, `status`) VALUES
(1, 'Fender', 1, 1),
(2, 'Gibson', 2, 1),
(3, 'ESP', 3, 1),
(4, 'PRS', 4, 1),
(7, 'Ibanez', 6, 1);

-- --------------------------------------------------------

--
-- Структура таблицы `product`
--

CREATE TABLE `product` (
  `id` int(11) NOT NULL,
  `name` varchar(255) CHARACTER SET utf8 NOT NULL,
  `category_id` int(11) DEFAULT NULL,
  `code` int(11) DEFAULT NULL,
  `price` int(11) DEFAULT NULL,
  `availability` int(11) DEFAULT NULL,
  `brand` varchar(255) CHARACTER SET utf8 DEFAULT NULL,
  `description` text CHARACTER SET utf8,
  `is_new` int(11) DEFAULT NULL,
  `is_recommended` int(11) DEFAULT NULL,
  `status` int(11) NOT NULL DEFAULT '1'
) ENGINE=MyISAM DEFAULT CHARSET=latin1;

--
-- Дамп данных таблицы `product`
--

INSERT INTO `product` (`id`, `name`, `category_id`, `code`, `price`, `availability`, `brand`, `description`, `is_new`, `is_recommended`, `status`) VALUES
(49, 'Электрогитара Fender Standard Telecaster HH RW (BK)', 1, 222823, 17964, 1, 'Fender', 'Электрогитара FENDER STANDARD TELECASTER RW HH OW является известным представителем линейки электрогитар Fender Standard. Профессиональные гитаристы самых разных музыкальных стилей еще с 50 годов предпочитали именно гитары серии Standard Telecaster за их сильный и мощный тон. FENDER STANDARD TELECASTER объединяет в себе все лучшее из олдскульных и современных гитар. Гитары серии FENDER STANDARD относятся к тем инструментам, которые делают гитары Fender более узнаваемым и популярными. Вся линейка этих электрогитар интересна тем, что в ней представлены известные многим гитаристам инструменты, имеющие незначительные усовершенствования и дополнения, которые в итоге смогли лишь улучшить этот уникальный инструмент. Обладая обновлёнными компонентами, электрогитары смогли полностью сохранить свою классическую конструкцию и все особенности аутентичного звучания, которое так ценят все почитатели Fender Standard.\r\n\r\nБлагодаря своему классическому, узнаваемому дизайну и аутентичному звучанию, которое выдают два хамбакера Fender Blacktop с глянцевыми крышками, электрогитара STANDARD TELECASTER RW HH OW представляет собой один из фаворитов современного рынка электрогитар среднего ценового диапазона. Электрогитара обладает ярким, приятным и узнаваемым звучанием, которое прекрасно подойдет для тех, кто любит современные рок-направления, фанк, блюз и энергичную альтернативную музыку. Если Вы решили купить винтажную, оригинальную электрогитару серии Fender Standard, шестиструнная электрогитара FENDER STANDARD TELECASTER RW предложит Вам идеальное сочетание классического дизайна и звучания, ставшего легендой на многие десятилетия!<br/>\r\n<br/>\r\nТехнические характеристики<br/>\r\nНазвание модели: Standard Telecaster®<br/>\r\nСерия: Standard<br/>\r\nДека: ольха<br/>\r\nГриф: клен, профиль Modern “C”<br/>\r\nНакладка: палисандр, радиус 9.5” (241 мм)<br/>\r\nЛады: 21 Medium Jumbo<br/>\r\nЗвукосниматели: 2 x Blacktop Humbucker<br/>\r\nУправление: громкость, тембр<br/>\r\nПереключение звукоснимателей: 3-позиционный переключатель «Blade»<br/>\r\nБридж: Standard с креплением струн сквозь деку<br/>\r\nКолки: Fender®/Ping® Standard<br/>\r\nФурнитура: хром<br/>\r\nМензура: 25.5” (648 мм)<br/>\r\nШирина нулевого порожка: .650” (42 мм)<br/>\r\nЦвет: Чёрный<br/>\r\nПроизводство: Мексика<br/>\r\nГарантия: 12 месяцев\r\n\r\n\r\n', 0, 1, 1),
(50, 'Электрогитара Fender Standard Stratocaster RW (BSB)', 1, 209943, 17964, 1, 'Fender', 'Электрогитара FENDER STANDARD STRATOCASTER RW BROWN SUNBURST TINT представлена известным производителем, компанией Fender, которая является самой крупной и известной американской компанией по производству музыкальных инструментов. Электрогитару FENDER STANDARD STRATOCASTER RW достаточно выгодно, среди других моделей стратокастеров, отличает умеренная цена, без потери основных качеств звучания этого уникального инструмента. Небезызвестны факт, что многие Fender гитары, произведённые в Мексике, по свои характеристикам, совершенно не уступают, а порой и превосходят многие Американские образцы. Если Вы желаете прикоснуться к тайнам настоящего стратокастер саунда, послушав записи любимых исполнителей, то Вы обязательно должны приобрести электрогитару FENDER STRATOCASTER RW, которая подарит Вам аутентичный саунд классического блюза, фанка и аутентичного инди рока.\r\n\r\nОсобенности конструкции электрогитары\r\n\r\nНесмотря на то, что электрогитара произведена в Мексике, ее сборка не вызывает совершенно никаких нареканий. - Тип инструмента : электрогитара. Инструмент представлен в серии гитар под правую руку музыканта с классическим типом корпуса - стратокастер типа (Stratocaster) и шестью струнами. Материалом корпуса гитары является древесина ольхи (alder wood), верхняя дека имеет плоскую поверхность с закругленными краями. Гриф сделан из кленовой древесины (maple wood) с профилем классического типа «C», современного типа. Колки, шесть в ряд, литой конструкции, закрытого типа, модель – «Standard Cast/Sealed», накладка на гриф из палисандрового дерева (rosewood) с маркерами в виде точек (белые). Ширина верхнего порожка имеет 1.650” (42 миллиметра), радиус накладки грифа составляет 9.5” (241 миллиметр). Лады классические (Vintage Style), 21 лад.\r\n\r\nЗвукосниматели, это три сингла, SSS, модели «Standard Single-Coil», темброблок представляет ручку громкости, ручку тембра 1 (нэковый звукосниматель), ручку тембра 2 (бриджевый звукосниматель) и переключатель звукоснимателей пяти-позиционный, типа «Blade».\r\nВ бридже установлена классическая тремоло машинка, фиксированный тип, модель – «Vintage Style Synchronized Tremolo», фурнитура хромированная в серебро. Мензура составляет 25.5” (648 миллиметров), цвет инструмента - коричневый санберст (BROWN SUNBURST TINT).\r\n\r\nОсобенности звучания электрогитары FENDER STANDARD STRATOCASTER RW\r\n\r\nЭлектрогитара ФЕНДЕР СТАНДАРТ СТРАТОКАСТЕР РВ обладает хорошим и качественным звучанием. Достаточно взять инструмент в руки, подключить его в комбо усилителю, желательно того же производителя, и Вы погружаетесь в мир настоящего фендеровского звучания. Электрогитара, благодаря своему звуку, может быть использована практически во всех музыкальных стилях и направлениях. На чистом звуке, инструмент богат кристальной чистотой и прозрачностью, что делает его идеальным для фанка, поп-рока, блюза. С овердрайвом или дисторшн, возможности применения электрогитары так же не менее широки. Гитара выдает отлично читаемые гитарные рифы и пронзительные ноты соло партий.\r\n\r\n\r\n', 1, 1, 1),
(51, 'Электрогитара Fender Standard Telecaster MN (BSB)', 1, 2109, 17990, 1, 'Fender', 'Fender Standard Telecaster (BSB)\r\n\r\nЭлектрогитара, дека - ольха, гриф - клен, SS, фиксированный бридж с креплением струн сквозь деку, цвет санберст, с чехлом\r\n\r\nТехнические характеристики Fender Standard Telecaster (BSB):\r\n\r\nНазвание модели: Standard Telecaster®\r\nСерия: Standard\r\nДека: ольха\r\nГриф: клен, профиль Modern “C”\r\nНакладка: клен, радиус 9.5” (241 мм)\r\nЛады: 21 Medium Jumbo\r\nЗвукосниматели: 2 сингла Hot Standard Tele®\r\nУправление: громкость, тембр\r\nПереключение звукоснимателей: 3-позиционный переключатель «Blade»\r\nБридж: Standard с креплением струн сквозь деку\r\nКолки: Fender®/Ping® Standard\r\nФурнитура: хром\r\nМензура: 25.5” (648 мм)\r\nШирина нулевого порожка: .650” (42 мм)\r\nЦвет: Brown Sunburst\r\nПроизводство: Мексика\r\nГарантия: 12 месяцев\r\n\r\n\r\n', 0, 1, 1),
(52, 'Электрогитара Fender Standard Stratocaster RW (AWT)', 1, 1009881, 17990, 1, 'Fender', 'Из всех дизайнов электрогитар доступных в этой ценовой категории, поговорите с любым человеком, имеющим отношение к продаже музыкальных инструментов, и он будет рад сообщить вам, что мексиканские Stratocaster’ы и Telecaster’ы чувствуют себя очень неплохо среди наиболее покупаемых гитар.\r\n\r\nКомбинация прекрасного качества сборки, отличной цены и присутствие, что очень важно, логотипа Fender на головке грифа обеспечивают этот долговечный успех среди гитаристов.\r\n\r\nНесмотря на это, Fender не собираются почивать на лаврах и продолжают развиваться в направлении улучшений, делая инструменты соответствующие современным требованиям и, что еще чаще, опережая свое время, равно как и конкурентов в соревновании. Результатом этого становится сокращение интервала между этими инструментами и инструментами более дорогой серии American.\r\n\r\nОбщий осмотр\r\n\r\nНесмотря на то, что не существует более иконоподобного дизайна электрической гитары, чем Standard Stratocaster, разумно сказать, что периодическая реорганизация диапазона предлагаемых Fender инструментов и ее разграничение может оставить некоторых потенциальных покупателей озадаченными.\r\n\r\nСейчас так много Stratocaster’ов по очень разным ценам, что даже продавцы чувствуют некоторую растерянность время от времени. Несмотря на то, что для некоторых Standard Stratocaster – это торговая марка, ассоциирующаяся с инструментами, сделанными в Америке, за последние несколько лет, Standard Series Fenders представили большое количество продукции завода в городе Энсенада в Мексике, вместе с переизданием винтажной серии Classic.\r\n\r\nНа первый взгляд Mexican Standard Stratocaster выглядит точно как его предшественник, но при более близком рассмотрении обнаруживается несколько малозаметных, но при этом значительных, отличий.\r\n\r\nНепосредственно после того, как вы извлечете гитару из мягкого чехла Fender – который теперь включен в комплект поставки – гриф гитары покажется приветливым и обтекаемым, с тонким слоем глянцевого полиэфирного лака, покрывающего привлекательную однокусковую древесину клена серебристого.\r\n\r\nСовременный Fender’овский профиль грифа «С» - это прекрасно. Отличный гриф, полностью помещающийся в ладонь, с играбельностью приятных ладов медиум джамбо, которые способствуют простому выполнению подтяжек и чувствуются современными, сохраняя достаточно характера Fender.\r\n\r\nШаровые наконечники струн теперь фиксируются большим, более тяжелым бриджем, чтобы добавить сустейн и усилить синхронизированное вибрато винтажного стиля.\r\n\r\nВ том, что касается электроники, никаких сюрпризов нет, и мы имеем ожидаемую конфигурацию пятипозиционного переключателя режимов работы звукоснимателей, общую громкость и индивидуальные регуляторы тона для некового и среднего звукоснимателей с одиночной катушкой.\r\n\r\nЗвучание\r\n\r\nПри переключении на бриджевый звукосниматель Stratocaster’а, через хороший ламповый комбоусилитель малой мощности, мгновенно становится заметным, что звук стал несколько более мощным, чем мы ожидали, что отчасти, должно быть, происходит из-за нового бриджа.\r\n\r\nЭта гитара никогда не подойдет тем, кто нуждается в звуке металлической ритм-гитары с тяжелыми низами, но она может легко справится с большим диапазоном: от проволочно-резкого звука ритм-гитары, а-ля The Beatles, до энергичного альтернативного рока, особенно с опущенной на тон, или ниже, шестой струной.\r\n\r\nStratocaster с кленовым грифом, вероятно, всегда будет звучать чуточку ярче, чем с грифом из палисандрового дерева, так что лучше попробовать оба варианта, прежде чем вы совершите покупку.\r\n\r\nВ звучании этого инструмента более чем достаточно ценного характера Stratocaster, чтобы работать в любом из бесчисленного множества жанров, в которых используется этот инструмент.\r\n\r\nИгра в режиме некового звукоснимателя, в частности, дает непревзойденный звук для укуренного электрического блюза.\r\n\r\nНовая внутренняя экранировка, кажется, лучше ведет себя в том, что касается работы с посторонним шумом, даже когда вы играете, сидя прямо перед компьютерными мониторами.\r\n\r\nВ конце концов, апгрейд до инструмента, свободного от помех, возможен только с установкой звукоснимателей Kinman или Fender’овскими Noiseless. Это на тот случай, если вы хотите иметь полностью бесшумный инструмент.\r\n\r\n\r\n', 0, 1, 1),
(53, 'Электрогитара Fender Standard Stratocaster MN (BSB)', 1, 209945, 19249, 1, 'Fender', 'Fender Standard Stratocaster MN BSB \r\n\r\nЛегендарная модель Standard Stratocaster является родона чальницей всех гитар Strat. Класси ческая форма корпуса, три традиционных сингловых звукоснимателя, класси ческая конструкция тремоло -с этого на чалась традиция, таковой она и останется на долгие годы. Основные характеристики инструмента: корпус из тополя, 5-позиционный переклю чатель, хромовое покрытие механики и всех металли ческих элементов.\r\n\r\n\r\n', 1, 1, 1),
(54, 'Электрогитара Fender Standard Telecaster HH RW (OWT)', 1, 222821, 19249, 1, 'Fender', 'Электрогитара FENDER STANDARD TELECASTER RW HH OW является известным представителем линейки электрогитар Fender Standard. Профессиональные гитаристы самых разных музыкальных стилей еще с 50 годов предпочитали именно гитары серии Standard Telecaster за их сильный и мощный тон. FENDER STANDARD TELECASTER объединяет в себе все лучшее из олдскульных и современных гитар. Гитары серии FENDER STANDARD относятся к тем инструментам, которые делают гитары Fender более узнаваемым и популярными. Вся линейка этих электрогитар интересна тем, что в ней представлены известные многим гитаристам инструменты, имеющие незначительные усовершенствования и дополнения, которые в итоге смогли лишь улучшить этот уникальный инструмент. Обладая обновлёнными компонентами, электрогитары смогли полностью сохранить свою классическую конструкцию и все особенности аутентичного звучания, которое так ценят все почитатели Fender Standard.\r\n\r\nБлагодаря своему классическому, узнаваемому дизайну и аутентичному звучанию, которое выдают два хамбакера Fender Blacktop с глянцевыми крышками, электрогитара STANDARD TELECASTER RW HH OW представляет собой один из фаворитов современного рынка электрогитар среднего ценового диапазона. Электрогитара обладает ярким, приятным и узнаваемым звучанием, которое прекрасно подойдет для тех, кто любит современные рок-направления, фанк, блюз и энергичную альтернативную музыку. Если Вы решили купить винтажную, оригинальную электрогитару серии Fender Standard, шестиструнная электрогитара FENDER STANDARD TELECASTER RW предложит Вам идеальное сочетание классического дизайна и звучания, ставшего легендой на многие десятилетия!\r\n\r\n\r\n\r\nПодробнее: http://beat.com.ua/product_info.php?products_id=15679#ixzz4Il2kROqO', 0, 1, 1),
(55, 'Электрогитара Fender Standard Telecaster HH RW (GS)', 1, 222822, 19249, 1, 'Fender', 'Электрогитара FENDER STANDARD TELECASTER RW HH OW является известным представителем линейки электрогитар Fender Standard. Профессиональные гитаристы самых разных музыкальных стилей еще с 50 годов предпочитали именно гитары серии Standard Telecaster за их сильный и мощный тон. FENDER STANDARD TELECASTER объединяет в себе все лучшее из олдскульных и современных гитар. Гитары серии FENDER STANDARD относятся к тем инструментам, которые делают гитары Fender более узнаваемым и популярными. Вся линейка этих электрогитар интересна тем, что в ней представлены известные многим гитаристам инструменты, имеющие незначительные усовершенствования и дополнения, которые в итоге смогли лишь улучшить этот уникальный инструмент. Обладая обновлёнными компонентами, электрогитары смогли полностью сохранить свою классическую конструкцию и все особенности аутентичного звучания, которое так ценят все почитатели Fender Standard.\r\n\r\nБлагодаря своему классическому, узнаваемому дизайну и аутентичному звучанию, которое выдают два хамбакера Fender Blacktop с глянцевыми крышками, электрогитара STANDARD TELECASTER RW HH OW представляет собой один из фаворитов современного рынка электрогитар среднего ценового диапазона. Электрогитара обладает ярким, приятным и узнаваемым звучанием, которое прекрасно подойдет для тех, кто любит современные рок-направления, фанк, блюз и энергичную альтернативную музыку. Если Вы решили купить винтажную, оригинальную электрогитару серии Fender Standard, шестиструнная электрогитара FENDER STANDARD TELECASTER RW предложит Вам идеальное сочетание классического дизайна и звучания, ставшего легендой на многие десятилетия!\r\n\r\n', 0, 1, 1),
(56, 'Электрогитара Fender Standard Telecaster MN (LPB)', 1, 223904, 20534, 1, 'Fender', 'Когда в 1949 году Лео Фендер представил миру свой первый Telecaster, никто даже не мог подумать, что эта гитара за 169 долларов изменит мир современной музыки. Еще более удивительный факт – на тот момент Телек уже выглядел современным, значительно опережая время. Начиная со дня его представления публике, музыканты всех жанров стали полагаться на Fender Telecaster, благодаря его мощному звучанию и исключительному удобству во время игры. Сегодняшний Standard Tele наделен лучшими характеристиками прошлого и современности: кленовый гриф с кленовой накладкой, новые звучки с еще более «горячим» звучанием для мощного овердрайва и экранированные полости корпуса.\r\n\r\nКорпус с экранированными полостями.\r\n\r\nКогда гитара только появилась на свет, вы могли приобрести ее только в одном цветовом решении. Спустя десятилетия изменений, основанных на потребностях музыкантов, появилась целая линейка Телекастеров различных цветов, с различными покрытиями корпуса и усовершенствованной электроникой. В настоящий момент Телек выпускается в корпусе из цельной ольхи, украшенном белым трехслойным пикгардом. На этом не заостряют внимание, но разработчики также добавили особые экранированные полости в корпус, которые позволили уменьшить лишние шумы.\r\n\r\nДва новых звучка.\r\n\r\nУ оригинальных звукоснимателей был более протяжный звук, чем у каких-либо других в то время. У современного варианта более «горячий» тон, они лучше звучат с практически любым усилителем на любых уровнях дисторшна, от умеренного до безумного.\r\n\r\nКленовый гриф с кленовой накладкой.\r\n\r\nЛео Фендер не был гитаристом, он начал свою карьеру ремонтируя радио. Так что ему было чем удивить музыкантов! Fender первыми стали выпускать гитары с кленовым грифом и с кленовой накладкой, что со временем стало их фирменной фишкой. На этой современной модели также фирменный фендеровский гриф из светлого клена с кленовой накладкой, увенчанной 21 ладом размера средние джамбо. В соответствии с современными вкусами, гриф этой гитары наделен удобным «С»-образным профилем, благодаря которому он идеально лежит в вашей руке.\r\n\r\nЭта модель выпущена во множестве красивых покрытий, в данном случае это LAKE PLACID BLUE TINT.\r\n\r\n\r\n\r\nПодробнее: http://beat.com.ua/product_info.php?products_id=16182#ixzz4Il39n2yT', 1, 1, 1),
(57, 'Электрогитара Fender Standard Stratocaster HSS Plus Top RW (TBS)   ', 1, 212745, 23875, 1, 'Fender', '', 0, 0, 1),
(58, 'Электрогитара Gibson Traditional SG Faded 2016 (WB)', 2, 222544, 20534, 1, 'Gibson', 'В 2016 году не обошлось без злой палки с «мощными пикапами». Этот инструмент – мечта каждого любителя «пожужжать»!\r\n\r\nГитара сделана из тех же самых материалов, что и ее предшественники пятидесятилетней давности.  \r\n\r\nМатовый гриф придает ощущение легкости при исполнении сложных пассажей. Своего рода «закись азота» для любителей экстремальных жанров.  \r\n\r\n', 1, 1, 1),
(59, 'Электрогитара Gibson SG Special Traditional 2016 (VS)', 2, 222546, 20534, 1, 'Gibson', 'А тем временем, компания Gibson возвращает нас назад в будущее. Вы наверняка соскучились по жирному, и в то же время стреляющему саунду гибсоновых мини-хамбакеров. \r\n\r\nХотелось бы заострить ваше внимание на следующем факте: гитара сделана из тех же самых материалов, что и 50 лет назад. Красное дерево вручную покрывается тонким слоем фирменного лака, рецепт которого передается из поколения в поколение. Попробуй! Пальчики оближешь!\r\n\r\n\r\n\r\nПодробнее: http://beat.com.ua/gibson-sg-special-traditional-2016-vs.html#ixzz4IlCX5ocK', 1, 0, 1),
(60, 'Электрогитара Gibson SG Special Traditional 2016 (CH)', 2, 223913, 20534, 1, 'Gibson', '«2016-й год должен стать лучшим годом в истории Gibson!» – с таким рекламным слоганом модельный ряд Gibson 2016 был представлен публике в конце 2015 года. Сегодня эти гитары начинают поступать в гитарные магазины нашей страны, и есть смысл еще раз внимательно проанализировать те изменения и новинки, которые позволили менеджерам Gibson сделать столь многообещающее заявление.\r\n\r\nОсновной глобальной идеей 2016 года стало разделение всего модельного ряда на два концептуально разных направления:Traditional и High Performance. Они отражают два подхода к производству гитар, условно понимаемые как «Ностальгия по прошлому» и «Стремление в будущее». При этом каждая модель будет представлена в обеих концепциях. С одной стороны это очень удобно, ибо сильно упрощает общее ориентирование в модельном ряду: если вы поклонник Old School Style, то вам к стенду с гитарами, обладающими индексом «Т», если же вам по нраву современные веяния – добро пожаловать к стенду «HP». С другой стороны, следует быть внимательными с SG Traditional. Ибо SG Traditional – T это тот самый традиционный SG, который вы, скорее всего и имели в виду, а вот SG Traditional – HP это совсем другое дело!\r\n\r\nА тем временем, компания Gibson возвращает нас назад в будущее. Вы наверняка соскучились по жирному, и в то же время стреляющему саунду гибсоновых мини-хамбакеров. \r\n\r\nХотелось бы заострить ваше внимание на следующем факте: гитара сделана из тех же самых материалов, что и 50 лет назад. Красное дерево вручную покрывается тонким слоем фирменного лака, рецепт которого передается из поколения в поколение. Попробуй! Пальчики оближешь!\r\n', 0, 1, 1),
(61, 'Электрогитара Gibson Les Paul Junior 2015 (VS)', 2, 220245, 23104, 1, 'Gibson', 'Мечтаете об американском Les Paul, но модель Standard Вам не по карману? Тогда новый Les Paul Junior именно то, что Вы искали. Ставшее классикой сочетание деки из красного дерева с арочным кленовым топом подарит Вам мощное звучание более дорогих моделей. Пара закрытых хамбакеров 490R в нековой позиции и 498T в бридже разгонят любой усилитель, будь то Marshall, Vox или Mesa Boogie.\r\n\r\nГлавным отличием от модели Standard является кленовый гриф с профилем. Но мы спешим заверить Вас, что это никак не недостаток инструмента. Стоит вспомнить редкие Les Paul середины 70-х, которые выпускались с кленовыми грифами, а сегодня являются предметом охоты коллекционеров по всему миру. Еще одно отличие от более дорогих инструментов - матовое покрытие корпуса и грифа. В остальном же новый Les Paul Junior наследует своих старших собратьев - фиксированный бридж Tune-O-Matic, раздельные регуляторы громкости и тембра для каждого звукоснимателя и палисандровая накладка с инкрустацией трапециями. Ну и самое приятное - цена!\r\n', 0, 0, 1),
(62, 'Электрогитара Gibson Government Series II Les Paul', 2, 219645, 28244, 1, 'Gibson', 'Gibson Les Paul — первая цельнокорпусная электрогитара компании Gibson, один из символов рок-музыки и одна из самых долгоживущих и популярных моделей музыкальных инструментов в мире. Модель была разработана в начале 1950 года Тедом Маккарти совместно с гитаристом Лесом Полом (полное имя — Лестер Уильям Полфус). Первый Gibson Les Paul был продан в 1952 году. Les Paul — одна из самых известных и часто копируемых различными производителями электрогитар в мире, наряду со Stratocaster и Telecaster. Les Paul Standard — это самая первая модель гитар серии Les Paul, её начали выпускать в 1952 году.\r\n\r\nМодель Studio была выпущена в 1983 году и до сих пор находится в производстве. Предполагаемым покупателями этих моделей должны были стать студийные музыканты, поэтому конструктивные особенности Les Paul Studio были направлены на оптимальное звучание. Эта модель сохранила только элементы Gibson Les Paul, внёсшие вклад в тон и громкость, в том числе резная кленовая верхняя часть и стандартные механические и электронные аппаратные средства. Тем не менее, в дизайне Studio отсутствовал ряд особенностей, которые не влияли на качество звука, включая обязательные крепления для корпуса и грифа. Эта модель имеет самую низкую цену среди американских Gibson Les Paul.\r\n', 0, 1, 1),
(63, 'Электрогитара Gibson Les Paul CM 2016 T (SE)   Подробнее: http://beat.com.ua/gibson-les-paul-cm--2016-t-se.html#ixzz4IlBt7U2G', 1, 222420, 24389, 1, 'Gibson', 'Это 100% Les Paul, который всегда вдохновлял рок-героев на их самые отчаянные подвиги. Минимализм и качество исполнения инструмента оставляет музыканта наедине с его мастерством и творческим «Я». Теперь ничто не помешает вам творить ваши шедевры!\r\n\r\nОсобенности  модельного ряда Gibson 2016: Все гитары оснащены новым самосмазывающимся порожком Graph Tech, который позволяет держать строй в целостности и сохранности. \r\n', 1, 0, 1),
(64, 'Электрогитара Gibson Les Paul Special Double Cut 2015 (HCS)   Подробнее: http://beat.com.ua/elektrogitara-gibson-les-paul-special-double-cut-2015-hcs.html#ixzz4IlBuzVgc', 2, 220325, 28244, 1, 'Gibson', 'Электрогитара с двойным вырезом. Винтажный стиль. Два легендарных сингла P90. Усовершенствованное крепление грифа к корпусу. Автоматизированная колковая механика G-Force. Три цветовых решения.\r\n\r\nПодробнее: http://beat.com.ua/elektrogitara-gibson-les-paul-special-double-cut-2015-hcs.html#ixzz4IlDrBXdv', 0, 0, 1),
(65, 'Электрогитара Gibson Les Paul Special Double Cut 2', 2, 220649, 28244, 1, 'Gibson', 'Электрогитара с двойным вырезом. Винтажный стиль. Два легендарных сингла P90. Усовершенствованное крепление грифа к корпусу. Автоматизированная колковая механика G-Force. Три цветовых решения.\r\n\r\nОбновления в серии 2015 года:\r\n\r\nGibson G FORCE™ – обновлённая система автоматической настройки\r\nZero Fret Adjustable Nut – регулируемый нулевой порожек\r\nУсовершенствованный бридж с титановыми кобылками – легче настройка, дольше сустейн\r\nШирокий гриф и накладка – увеличена полезная поверхность\r\nМассивная палисандровая накладка – улучшает сустейн\r\nСпециально подобранные сорта древесины\r\nПерламутровая инкрустация – выглядит красивее и богаче\r\nОтполированная и промасленная накладка – повышает удобство и улучшает ощущения при игре\r\nИсключительная отстройка – высота ладов, клиренс струн, интонирование\r\nВысококачественные электронные компоненты – надёжные соединения, качественная проводка\r\nСъёмный пикгард – без отверстий для крепления на корпусе\r\nАвтограф Les Paul 100 – реплика настоящего автографа Леса Пола в честь его 100–го дня рождения\r\nГолограмма с фото Леса Пола – гарант подлинности и дань уважения легенде\r\nНовый кейс – эргономичный, лёгкий, с улучшенной защитой инструмента.\r\n', 0, 0, 1),
(66, 'Электрогитара Gibson SG Special Traditional 2016 (SE)', 2, 222545, 28244, 1, 'Gibson', 'А тем временем, компания Gibson возвращает нас назад в будущее. Вы наверняка соскучились по жирному, и в то же время стреляющему саунду гибсоновых мини-хамбакеров. \r\n\r\nХотелось бы заострить ваше внимание на следующем факте: гитара сделана из тех же самых материалов, что и 50 лет назад. Красное дерево вручную покрывается тонким слоем фирменного лака, рецепт которого передается из поколения в поколение. Попробуй! Пальчики оближешь!\r\n\r\n\r\n\r\nПодробнее: http://beat.com.ua/gibson-sg-special-traditional-2016-se.html#ixzz4IlEN5Wsr', 0, 1, 1),
(67, 'Электрогитара Gibson Les Paul Studio Faded 2016 T (WB)   ', 2, 222418, 29529, 1, 'Gibson', 'Товары, под маркой Гибсон, за последние время, были тем или иным экспериментом компании, например,автоматические тюнеры, ширина нека и материалы фурнитуры, так что модели 2016 года Гибсон, возврат к традиции которым идёт уже, 13 десяток лет. Таким образом, возлюбленные модели Les Paul,несут заветные черты на борту: традиционный тюнер, ширина порожка 43 мм, седло  из кости, толстый гриф из Палисандра. \r\n\r\nПодробнее: http://beat.com.ua/gibson-les-paul-studio-faded-2016-t-wb.html#ixzz4IlEcQyhD', 0, 0, 1),
(68, 'Электрогитара ESP F STD Sanskrit', 3, 15153, 53508, 1, 'Electro Sound Products', 'Именная гитара Jeremy Turner (Cannibal Corpse), корпус из красного дерева, сквозной гриф из клена с накладкой из черного дерева, мензура 25,5", 24 XJ лада, бридж Tuneomatic Gotoh, звукосниматели EMG 81, EMG 60, замковые колки Sperzel, 1 громкость, 1 тон, 3-х позиционный переключатель, черная матовая механика\r\n\r\n', 0, 0, 1),
(69, 'Электрогитара ESP Viper 7', 3, 15153, 52416, 1, 'Electro Sound Products', ' Технические характеристики ESP Viper 7:\r\n\r\nКОРПУС: красное дерево\r\nГРИФ: красное дерево\r\nНАКЛАДКА: черное дерево\r\nКОНСТРУКЦИЯ: вклеенный гриф\r\nМЕНЗУРА /дюймы/: 25,5\r\nЛАДЫ: 24 XJ\r\nИНКРУСТАЦИЯ: флаги, надпись ESP на 12 ладу\r\nОКАНТОВКА: белая, по грифу\r\nФУРНИТУРА: черный никель\r\nКОЛКИ: Gotoh Magnum Lock, запирающие\r\nВЕРХНИЙ ПОРОЖЕК: кость\r\nБРИДЖ: TonePros 7 Tune-O-Matic / струны сквозь корпус\r\nЗВУКОСНИМАТЕЛИ: EMG 707, комплект\r\nКОНТРОЛЬ: громкость / 3-позиционный переключатель\r\nЦВЕТА: BKS (Black Satin) \r\nГарантия 12 мес.\r\n', 1, 1, 1),
(70, 'Электрогитара ESP SV Standard (BLK)', 3, 222, 50505, 1, 'Electro Sound Products', 'Электрогитара ESP SV Standard Технические характеристики:\r\n\r\nКорпус: Корпус из ольхи\r\nГриф: сковозной кленовый гриф с накладкой из черного дерева, мензура 25.5, 24 XJ лада\r\nБридж: Оригинальное тремоло Floyd Rose\r\nЗвукосниматели: вукосниматели 2 x EMG 81\r\nУправление: 1 громкость, 3-х позиционный переключатель\r\nМеханика: колки Gotoh, позолоченная механика\r\nЦвет: black w/white pinstripes(BLK)\r\nПроизводство: Япония\r\nГарантия (мес.): 12\r\n\r\n\r\n', 0, 1, 1),
(71, 'Электрогитара ESP E-II SV STD (SW)', 3, 50505, 50505, 1, 'Electro Sound Products', 'ESP E-II SV STD (SW)\r\n\r\nE-II Standard Series - инструменты, разработанные и изготовленные опытными японскими мастерами ESP, вложившими всю свою душу и мастерство в создание лучших гитар и бас-гитар.\r\n\r\nПочти 40 лет опыта изготовления одних из лучших гитар в мире, проверенное временем качество, эргономичность, внимание к деталям, потрясающее звучание - все эти качества, присущие продукции ESP, нашли свое отражение и в новых моделях E-II Standard Series.\r\nЭлектрогитара "стрела" из ольхи, со сквозным кленовым грифом и звукоснимателями EMG.\r\n\r\n\r\n\r\nПодробнее: http://beat.com.ua/product_info.php?products_id=12880#ixzz4IlGYez6H', 0, 1, 1),
(72, 'Электрогитара ESP Viper (BKS)', 3, 48867, 48867, 1, 'Electro Sound Products', 'Электрогитара ESP Viper\r\n\r\nЭлектрогитара. Корпус из красного дерева, вклеенный гриф из красного дерева с накладкой из черного дерева, мензура 24,75", звукосниматели EMG-81/EMG-81, колки Sperzel Locking, бридж Tune-O-Matic, черная фурнитура, 24 лада', 0, 0, 1),
(73, 'Электрогитара ESP E-II Eclipse-II DB (VBK)', 3, 48867, 48867, 1, 'Electro Sound Products', 'ESP E-II Eclipse-II DB (VBK)\r\n\r\nE-II Standard Series - инструменты, разработанные и изготовленные опытными японскими мастерами ESP, вложившими всю свою душу и мастерство в создание лучших гитар и бас-гитар.\r\n\r\nПочти 40 лет опыта изготовления одних из лучших гитар в мире, проверенное временем качество, эргономичность, внимание к деталям, потрясающее звучание - все эти качества, присущие продукции ESP, нашли свое отражение и в новых моделях E-II Standard Series.\r\n\r\n', 0, 0, 1),
(74, 'Электрогитара ESP LTD MH-50NT (BCH)', 3, 15153, 9588, 1, 'Electro Sound Products', 'Электрогитара бюджетной серии LTD Standart Series.  Дека - из липы дает хороший продолжительный сустейн. Гриф на болтах из клена с накладко из палисндра имеет 24 лада, мензура - 24,75" (628 мм). У грифа стоит хамбакер - ESP LH-100 (H), у бриджа также хамбакер - ESP LH-100 (H). Фиксированный бридж со струнами сквозь корпус Tune-O-Matic отлично держит строй. Механика имеет хромовое покрытие.  \r\n', 0, 0, 1),
(75, 'Электрогитара ESP H-51 (EB)', 3, 452452, 9750, 1, 'Electro Sound Products', 'Технические характеристики ESP H 51 (EB, BCH):\r\n\r\nКорпус из липы,\r\nгриф из клена с палисандровой накладкой,\r\nмензура 25.5,\r\n22 XJ лада,\r\nбридж Tuneomatic,\r\n звукосниматели 2 x ESP LH-150,\r\n1 громкость, 1 тон, 3-х позиционный переключатель,\r\nмеханика хром,\r\nцвет:  electric blue (EB), black cherry (BCH)\r\n\r\n\r\nПодробнее: http://beat.com.ua/product_info.php?products_id=8779#ixzz4IlHKCOH0', 0, 0, 1),
(76, 'Электрогитара ESP LTD EC50 (BLKS)', 3, 452452, 10021, 1, 'Electro Sound Products', 'Электрогитара ESP LTD EC50\r\n\r\nКорпус из агатиса, гриф из клена с палисандровой накладкой, мензура 24.75, 24 XJ лада, бридж Tuneomatic, звукосниматели LH-100, 2 громкости, 1 тон, 3-х позиционный переключатель, цвет: black (BLK), black cherry (BCH)\r\n\r\n\r\n\r\nПодробнее: http://beat.com.ua/product_info.php?products_id=2575#ixzz4IlHU15Ia', 0, 0, 1),
(77, 'Электрогитара ESP LTD F100FM (STBLK)', 3, 5151515, 10559, 1, 'Electro Sound Products', 'Электрогитара ESP LTD F100FM\r\n\r\nКорпус из агатиса с накладкой из огненного клена, гриф из клена с палисандровой накладкой, мензура 25.5, 24 XJ лада, бридж Tuneomatic, конструкция струны сквозь корпус, звукосниматели LH-100, 1 громкость, 1 тон, 3-х позиционный переключатель, цвет: see thru black (STBLK)\r\n\r\n\r\n\r\nПодробнее: http://beat.com.ua/product_info.php?products_id=2621#ixzz4IlHdCQqt', 0, 0, 1),
(78, 'Электрогитара PRS SE 245 (CS)', 4, 15153, 16835, 1, 'Poul Reed Smith', 'Заслужено PRS считаются гитарами премиум качества. В отличие от многих других брендов, они гордо ставят свой логотип даже на головах корейских гитар за вполне доступные деньги. В PRS SE 245 сочетаются две очень важные вещи – это плотность и открытость звука. Они достигаются с помощью короткой мензуры (24,5 дюймов, отсюда и название модели), правильно подобранного дерева и звукоснимателей.\r\n\r\nЭлектрогитара PRS SE 245 Cherry Sunburst имеет классическое звучание, которое идеально подойдет для записи. Инструмент оценят гитаристы предпочитающие инструменты с одним вырезом. Длина мензуры 24.5" делает эту модель невероятно комфортной для тех, кто привык играть на короткомензурных гитарах.\r\n\r\n\r\n\r\nПодробнее: http://beat.com.ua/prs-se-245-cs.html#ixzz4IlIRMu00', 1, 1, 1),
(79, 'Электрогитара PRS SE Mark Tremonti (BK)', 4, 5151515, 18980, 1, 'Poul Reed Smith', 'PRS SE Mark Tremonti - подписная электрогитара Mark Tremonti с одним вырезом типа LP, была разработана специально для Марка Тремонти, обеспечивая высокое качество инструмента.\r\n\r\nМарк Тремонти - американский музыкант, известен как гитарист групп Creed и Alter Bridge, при этом являясь одним из основателей обоих групп. В течение трех лет подряд журнал Guitar World выбирал его в качестве «гитариста года». В 2011 году Total Guitar включил его в список величайших хэви-метал-гитаристов.\r\n\r\n\r\n\r\nПодробнее: http://beat.com.ua/prs-se-mark-tremonti-bk.html#ixzz4IlIhv9cD', 0, 1, 1),
(80, 'Электрогитара PRS SE 30th Anniversary Custom 24 (GB)   ', 4, 48867, 22880, 1, 'Poul Reed Smith', 'Юбилейная версия SE Custom24 30th Anniversary Limited Edition\r\n\r\nОбновленная в честь 30-летнего юбилея, модель 30th Anniversary SE Custom 24 - это самый продвинутый инструмент в линейке наших доступных гитар. К числу ее достоинств можно отнести богатство тональной палитры, удобство игры, невероятную надежность, что безусловно оценят как профессиональные музыканты, так и  начинающие гитаристы.\r\n\r\nSE Custom 24 заслуженно стала одной из самых популярных моделей в линейке SE от Paul Reed Smith. Эти инструменты можно увидеть в руках известных артистов, профессиональных гитаристов и музыкантов, только открывающих для себя мир электрогитары. Юбилейная версия этой модели - PRS 30th Anniversary - оснащена особой инкрустацией и шпоном из волнистого клена для придания уникального внешнего вида.\r\n\r\nPRS SE - это доступные инструменты корейского производства, тем не менее очень качественно собранные, удобные и, самое главное, имеющие характерный фирменный тембр PRS.\r\n\r\nКорпус PRS SE Custom 24 изготовлен из красного дерева с изящным топом из клена, а вклеенный гриф с профилем Wide Thin и палисандровой накладкой гарантирует удобство игры. Громкость и регулировка тембра, 3-позиционный переключатель, разработанное PRS тремоло и фирменные маркеры ладов в виде птиц входят в стандартное оснащение.\r\n\r\nПодробнее: http://beat.com.ua/prs-se-30th-anniversary-custom-24-gb.html#ixzz4IlIuJYft', 0, 1, 1),
(81, 'Электрогитара PRS SE Torero (GB)', 4, 15153, 33776, 1, 'Poul Reed Smith', 'Гитары PRS стали "золотым стандартом" качества среди других гитар. Не менее важным является удержание этого стандарта по мере того, как компания превращается в индустриального гиганта. В то время, как продолжающийся успех PRS требует постоянного пересмотра и совершенствования технологий и материалов, основной девиз компании остался неизменным с того самого момента, как Paul Smith сделал свою первую гитару: "Всегда делать экстраординарные, волшебные гитары".\r\n\r\nВпервые за всю свою историю существования Paul Reed Smith выпустили инструмент, оснащенный тремоло-системой Floyd Rose и EMG . "Эта гитара заставляет Вас играть тяжелее" - Уэйн Джонсон. SE Torero рассчитаны на Metal, Trash, nu-metal, neo-thrash, metal-core и тому подобные стили музыки. Справляются они со своими задачами на все сто процентов. Гитара является серьезным конкурентом именитым брендам из Японии и Америки. Этот PRS стирает сложившиеся стереотипы о цене инструмента и его качестве..\r\n\r\n\r\n\r\nПодробнее: http://beat.com.ua/product_info.php?products_id=10659#ixzz4IlJ2GacI', 1, 1, 1),
(82, 'Электрогитара Ibanez GAX30 (TR)', 7, 44696, 5911, 1, 'Ibanez', 'Если Вам нужна простая, но класическая рок-н-рольная гитара, то гитары GAX будут лучшим выбором. Фиксированный бридж, мощные хамбакеры, 3-позиционный переключатель и дизайн деки double-cutway - все что Вам нужно.\r\n\r\nЭлектрогитара GAX серии, два хамбакера - PSND1 у грифа и PSND2 у бриджа - H-H, управление - 2 х громкость + 2 х тон, 3-х позиционный переключатель, корпус - агатис, гриф прикрученный на болтах, 24,75" (628 мм) - клен с накладкой из палисандра (22 лада), бридж - фиксированный. \r\n\r\n\r\n\r\nПодробнее: http://beat.com.ua/ibanez-gax30-tr.html#ixzz4IlJnOnes', 0, 0, 1),
(83, 'Электрогитара Ibanez GRX70QA (TKS)', 7, 220788, 5911, 1, 'Ibanez', 'Возвращая из памяти события 80-х годов, компания Ibanez сегодня вместе со всем миром вспоминает те славные времена, когда создавались её первые метал-машины. Она никогда не имела репутации эксклюзивной, ""мажорной"" и хайэндовой, но всегда была стабильной, рациональной и ""народной"" - покупку инструмента мог потянуть практически любой человек. Вместе с тем, разумеется, линейки высших порядков стоили в десятки раз дороже бюджетных, но и к разработке последних уделялось столь же пристальное внимание, что и к первым, при ориентировке на конкретную ценовую и целевую аудиторию. Модель GRX70 стала своеобразным Трабантом компании, выпускаясь долгие годы в самых разных модификациях, предлагаясь отдельно и в наборах, в лимитированных цветах и сетах электроники. Сегодня в соответствии с конкуренцией и требованиями гитарного рынка она становится ещё более совершенной и красивой, нежели её предшественницы.\r\n\r\nОсновные особенности электрогитары Ibanez GRX70QA-TKS\r\n\r\nЭлектрогитара Ibanez GRX70QA-TKS имеет крепкий корпус из тополя с топом из узорчатого клёна, кленовый гриф радиусом 15,74 дюйма с накладкой из палисандра, 24 лада, обеспечивающие четыре полные октавы, звукосниматели Standard BH/MS/NH с пятипозиционным переключателем режимов работы, ручки общей громкости и тона - всё что нужно для начала занятий. Также стоит заметить, что топ из узорчатого клена в совокупности с сочным красным покрытием, создают поистине уникальный по своей красоте инструмент. Учитывая прекрасную эргономику, позволяющую репетировать часами, и качественную, хотя и бюджетную, электронику, вкупе с привлекательным внешним видом, вы можете считать, что уже нашли свой первый инструмент, который поведёт вас к вершинам гитарного мастерства.\r\n\r\n', 0, 0, 1),
(84, 'Электрогитара Ibanez GRX70QA (TRB)', 7, 5911, 5911, 1, 'Ibanez', 'Возвращая из памяти события 80-х годов, компания Ibanez сегодня вместе со всем миром вспоминает те славные времена, когда создавались её первые метал-машины. Она никогда не имела репутации эксклюзивной, ""мажорной"" и хайэндовой, но всегда была стабильной, рациональной и ""народной"" - покупку инструмента мог потянуть практически любой человек. Вместе с тем, разумеется, линейки высших порядков стоили в десятки раз дороже бюджетных, но и к разработке последних уделялось столь же пристальное внимание, что и к первым, при ориентировке на конкретную ценовую и целевую аудиторию. Модель GRX70 стала своеобразным Трабантом компании, выпускаясь долгие годы в самых разных модификациях, предлагаясь отдельно и в наборах, в лимитированных цветах и сетах электроники. Сегодня в соответствии с конкуренцией и требованиями гитарного рынка она становится ещё более совершенной и красивой, нежели её предшественницы.\r\n\r\nОсновные особенности электрогитары Ibanez GRX70QA-TKS\r\n\r\nЭлектрогитара Ibanez GRX70QA-TKS имеет крепкий корпус из тополя с топом из узорчатого клёна, кленовый гриф радиусом 15,74 дюйма с накладкой из палисандра, 24 лада, обеспечивающие четыре полные октавы, звукосниматели Standard BH/MS/NH с пятипозиционным переключателем режимов работы, ручки общей громкости и тона - всё что нужно для начала занятий. Также стоит заметить, что топ из узорчатого клена в совокупности с сочным красным покрытием, создают поистине уникальный по своей красоте инструмент. Учитывая прекрасную эргономику, позволяющую репетировать часами, и качественную, хотя и бюджетную, электронику, вкупе с привлекательным внешним видом, вы можете считать, что уже нашли свой первый инструмент, который поведёт вас к вершинам гитарного мастерства.\r\n\r\n\r\n', 1, 1, 1),
(85, 'Электрогитара Ibanez UV777P (BK)', 7, 43847, 93291, 1, 'Ibanez', 'Оригинальная японская 7-ми струнная электрогитара, Steve Vai Signature Model.\r\n\r\nДека - липа, гриф - клен/палисандр, НSН DiMarzio Blaze II, тремоло Edge Pro 7, цвет чёрный, идет в комплекте с кейсом.\r\n\r\n\r\n\r\nПодробнее: http://beat.com.ua/ibanez-uv777p-bk.html#ixzz4IlKJbXLI', 0, 1, 1);

-- --------------------------------------------------------

--
-- Структура таблицы `product_order`
--

CREATE TABLE `product_order` (
  `id` int(11) NOT NULL,
  `user_name` varchar(255) NOT NULL,
  `user_phone` varchar(255) NOT NULL,
  `user_comment` text,
  `user_id` int(11) DEFAULT NULL,
  `products` text NOT NULL,
  `date` datetime NOT NULL DEFAULT CURRENT_TIMESTAMP,
  `status` int(11) NOT NULL DEFAULT '1'
) ENGINE=MyISAM DEFAULT CHARSET=utf8;

--
-- Дамп данных таблицы `product_order`
--

INSERT INTO `product_order` (`id`, `user_name`, `user_phone`, `user_comment`, `user_id`, `products`, `date`, `status`) VALUES
(15, 'Andrew', '09569665621', 'asdfa aswdf  sdg as dfva sdc asdc asdcvasc asdgsefgt fdg aer gfd bgsdfggfn sdjlfh ljhf and rf hrf ', 1, '{"81":1,"80":2,"82":5}', '2016-08-30 01:34:29', 1),
(14, 'Andrew', '0633599878', 'asdasdasdasd', 1, '{"49":1,"56":1}', '2016-08-30 01:31:09', 1);

-- --------------------------------------------------------

--
-- Структура таблицы `user`
--

CREATE TABLE `user` (
  `id` int(11) NOT NULL,
  `name` varchar(255) NOT NULL,
  `email` varchar(255) NOT NULL,
  `password` varchar(255) NOT NULL,
  `status` varchar(255) NOT NULL,
  `registration_date` datetime NOT NULL DEFAULT CURRENT_TIMESTAMP
) ENGINE=MyISAM DEFAULT CHARSET=utf8;

--
-- Дамп данных таблицы `user`
--

INSERT INTO `user` (`id`, `name`, `email`, `password`, `status`, `registration_date`) VALUES
(1, 'Andrew', 'admin@am.net', '123123', 'admin', '2016-08-25 18:13:56'),
(2, 'Mohjangha', 'moha@asd.ru', 'sdasdasdasd', 'user', '2016-08-25 18:21:06'),
(3, 'Mocken', 'mahach@asd.ru', '111111', 'user', '2016-08-25 18:22:04'),
(4, 'Andrey', 'yayaya@asd.ru', '111111', 'user', '2016-08-25 18:24:45'),
(6, 'Andrey', 'yaaayaya@asd.ru', 'sdasdasdasd', 'user', '2016-08-25 18:35:52'),
(7, 'Andrey', 'aya@asd.ru', 'sdasdasdasd', 'user', '2016-08-25 18:36:06');

--
-- Индексы сохранённых таблиц
--

--
-- Индексы таблицы `category`
--
ALTER TABLE `category`
  ADD PRIMARY KEY (`id`);

--
-- Индексы таблицы `product`
--
ALTER TABLE `product`
  ADD PRIMARY KEY (`id`);

--
-- Индексы таблицы `product_order`
--
ALTER TABLE `product_order`
  ADD PRIMARY KEY (`id`);

--
-- Индексы таблицы `user`
--
ALTER TABLE `user`
  ADD PRIMARY KEY (`id`);

--
-- AUTO_INCREMENT для сохранённых таблиц
--

--
-- AUTO_INCREMENT для таблицы `category`
--
ALTER TABLE `category`
  MODIFY `id` int(11) NOT NULL AUTO_INCREMENT, AUTO_INCREMENT=8;
--
-- AUTO_INCREMENT для таблицы `product`
--
ALTER TABLE `product`
  MODIFY `id` int(11) NOT NULL AUTO_INCREMENT, AUTO_INCREMENT=86;
--
-- AUTO_INCREMENT для таблицы `product_order`
--
ALTER TABLE `product_order`
  MODIFY `id` int(11) NOT NULL AUTO_INCREMENT, AUTO_INCREMENT=16;
--
-- AUTO_INCREMENT для таблицы `user`
--
ALTER TABLE `user`
  MODIFY `id` int(11) NOT NULL AUTO_INCREMENT, AUTO_INCREMENT=8;
/*!40101 SET CHARACTER_SET_CLIENT=@OLD_CHARACTER_SET_CLIENT */;
/*!40101 SET CHARACTER_SET_RESULTS=@OLD_CHARACTER_SET_RESULTS */;
/*!40101 SET COLLATION_CONNECTION=@OLD_COLLATION_CONNECTION */;
